<?xml version="1.0" encoding="UTF-8" standalone="yes"?>
<addon id="plugin.video.TVJ" name="Television Jamaica" version="99.0.0" provider-name="StoneTV">
  <requires>
    <import addon="xbmc.python" version="2.1.0"/>
	<import addon="repository.xbmc-israel" />
  </requires>
  <extension point="xbmc.python.pluginsource" library="default.py">
        <provides>video</provides>
  </extension>
  <extension point="xbmc.addon.metadata">
    <summary lang="en">Television Jamaica - News, Sports and Television from Jamaica.</summary>
    <description lang="en">Television Jamaica - News, Sports and Television from Jamaica.</description>
    <platform>all</platform>
  </extension>
</addon>
