<?xml version="1.0" encoding="UTF-8" standalone="yes"?>
<addon id="plugin.video.LiveTV" name="LiveTV" version="99.0.0" provider-name="ATaylor">
  <requires>
    <import addon="xbmc.python" version="2.1.0"/>
	<import addon="repository.xbmc-israel" />
  </requires>
  <extension point="xbmc.python.pluginsource" library="default.py">
        <provides>video</provides>
  </extension>
  <extension point="xbmc.addon.metadata">
    <summary lang="en">Watch Live streaming TV anywhere with this addon</summary>
    <description lang="en">Collection of HD streaming channels</description>
    <platform>all</platform>
  </extension>
</addon>
